symbol,entryTime,direction,R_sl,outcome,MFE_R,MAE_R,barsToMFE,barsToOutcome
BTCUSDT,2026-06-02T23:15:00.000Z,SHORT,557.40000000,TP,1.8511,0.8323,17,17
BTCUSDT,2026-06-03T04:00:00.000Z,SHORT,561.80000000,SL,0.0000,2.1461,0,4
BTCUSDT,2026-06-03T07:15:00.000Z,SHORT,341.30000000,TP,1.5602,0.4729,10,10
BTCUSDT,2026-06-04T02:15:00.000Z,SHORT,474.20000000,SL,0.0000,1.6904,0,1
BTCUSDT,2026-06-04T09:45:00.000Z,SHORT,487.30000000,TP,1.5783,0.2483,3,3
BTCUSDT,2026-06-04T11:30:00.000Z,SHORT,462.90000000,SL,1.2685,1.2929,1,3
BTCUSDT,2026-06-05T07:30:00.000Z,SHORT,698.40000000,TP,1.7755,0.5467,18,18
BTCUSDT,2026-06-05T16:15:00.000Z,SHORT,665.10000000,TP,1.5392,0.0000,4,4
BTCUSDT,2026-06-05T19:45:00.000Z,SHORT,360.70000000,SL,1.8533,1.0513,1,1
BTCUSDT,2026-06-05T23:45:00.000Z,SHORT,474.00000000,TP,1.6477,0.4831,15,15
BTCUSDT,2026-06-09T17:15:00.000Z,SHORT,471.60000000,TP,1.5829,0.7489,45,45
BTCUSDT,2026-06-12T15:30:00.000Z,LONG,554.00000000,SL,0.1720,1.1475,6,21
BTCUSDT,2026-06-16T04:15:00.000Z,LONG,371.50000000,TP,1.5206,0.5650,9,9
BTCUSDT,2026-06-24T16:15:00.000Z,SHORT,328.90000000,TP,2.0882,0.0000,1,1
BTCUSDT,2026-06-26T01:45:00.000Z,SHORT,344.00000000,TP,2.3177,0.0436,1,1
BTCUSDT,2026-06-29T13:00:00.000Z,SHORT,358.30000000,TP,2.6871,0.0000,2,2
BTCUSDT,2026-07-02T05:00:00.000Z,LONG,431.80000000,SL,0.3752,1.0614,1,7
BTCUSDT,2026-07-06T01:15:00.000Z,LONG,319.30000000,SL,0.8531,1.4510,1,8
BTCUSDT,2026-07-14T13:30:00.000Z,LONG,749.70000000,TP,1.7095,0.1579,8,8
BTCUSDT,2026-07-15T13:30:00.000Z,LONG,479.60000000,SL,0.7264,1.0202,9,12
BTCUSDT,2026-07-20T16:15:00.000Z,LONG,530.00000000,TP,1.5379,0.5634,61,61
BTCUSDT,2026-07-27T15:00:00.000Z,SHORT,522.60000000,TP,2.0859,0.4286,31,31
BTCUSDT,2026-07-27T23:15:00.000Z,SHORT,513.30000000,TP,2.0316,0.0000,7,7
BTCUSDT,2026-08-20T07:00:00.000Z,LONG,358.50000000,TP,4.7091,0.5768,4,4
BTCUSDT,2026-08-21T15:45:00.000Z,LONG,388.90000000,SL,0.1977,1.0211,1,1
BTCUSDT,2026-08-21T20:45:00.000Z,LONG,457.70000000,TP,1.9930,0.0000,2,2
ETHUSDT,2026-06-02T23:15:00.000Z,SHORT,13.53000000,TP,3.6438,0.0000,1,1
ETHUSDT,2026-06-03T04:00:00.000Z,SHORT,14.20000000,SL,0.2282,2.2824,1,4
ETHUSDT,2026-06-03T21:00:00.000Z,SHORT,14.87000000,SL,0.0000,2.9428,0,2
ETHUSDT,2026-06-04T02:15:00.000Z,SHORT,16.88000000,SL,0.5906,1.4757,1,3
ETHUSDT,2026-06-04T09:45:00.000Z,SHORT,16.29000000,TP,1.7330,0.5758,4,4
ETHUSDT,2026-06-04T15:00:00.000Z,SHORT,11.38000000,TP,1.5387,0.9130,9,9
ETHUSDT,2026-06-04T23:00:00.000Z,SHORT,10.44000000,TP,2.5307,0.2385,8,8
ETHUSDT,2026-06-05T04:45:00.000Z,SHORT,12.18000000,TP,3.7406,0.4105,3,3
ETHUSDT,2026-06-05T19:45:00.000Z,SHORT,10.32000000,TP,3.0572,0.4331,1,1
ETHUSDT,2026-06-05T22:30:00.000Z,SHORT,10.72000000,TP,1.5429,0.0000,1,1
ETHUSDT,2026-06-05T23:45:00.000Z,SHORT,11.80000000,TP,2.2085,0.7678,10,10
ETHUSDT,2026-06-06T02:30:00.000Z,SHORT,8.36000000,TP,2.0682,0.6938,3,3
ETHUSDT,2026-06-06T11:15:00.000Z,SHORT,14.91000000,SL,1.4883,1.4621,16,55
ETHUSDT,2026-06-08T01:45:00.000Z,SHORT,14.24000000,TP,2.0941,0.0000,9,9
ETHUSDT,2026-06-08T22:30:00.000Z,SHORT,10.73000000,SL,0.7586,1.0792,1,2
ETHUSDT,2026-06-09T15:00:00.000Z,SHORT,14.53000000,TP,1.5354,0.0000,3,3
ETHUSDT,2026-06-10T17:45:00.000Z,SHORT,10.16000000,TP,1.5482,0.0000,4,4
ETHUSDT,2026-06-12T16:00:00.000Z,SHORT,9.35000000,TP,1.6941,0.0000,1,1
ETHUSDT,2026-06-15T14:00:00.000Z,LONG,24.28000000,TP,2.1017,0.0000,7,7
ETHUSDT,2026-06-15T16:15:00.000Z,LONG,20.63000000,SL,0.6205,1.0902,1,12
ETHUSDT,2026-06-16T12:45:00.000Z,LONG,13.28000000,SL,0.5557,1.4059,1,1
ETHUSDT,2026-06-17T02:30:00.000Z,LONG,12.54000000,SL,0.6045,1.3006,9,21
ETHUSDT,2026-06-17T22:45:00.000Z,LONG,16.25000000,SL,1.3458,1.2043,11,25
ETHUSDT,2026-06-18T19:30:00.000Z,SHORT,28.88000000,SL,0.6302,1.2684,69,134
ETHUSDT,2026-06-22T07:45:00.000Z,LONG,11.56000000,TP,1.6860,0.2543,15,15
ETHUSDT,2026-06-23T06:45:00.000Z,SHORT,10.65000000,TP,1.5371,0.0000,3,3
ETHUSDT,2026-06-23T09:15:00.000Z,SHORT,11.04000000,TP,2.3179,0.0000,1,1
ETHUSDT,2026-06-24T16:00:00.000Z,SHORT,12.76000000,TP,4.2398,0.0000,3,3
ETHUSDT,2026-06-24T20:00:00.000Z,SHORT,12.61000000,SL,1.1126,1.3442,4,35
ETHUSDT,2026-06-24T23:15:00.000Z,SHORT,10.38000000,SL,0.4913,1.6696,8,22
ETHUSDT,2026-06-29T13:00:00.000Z,SHORT,9.43000000,TP,2.2651,0.0000,2,2
ETHUSDT,2026-06-30T01:15:00.000Z,SHORT,10.49000000,TP,1.5415,0.0000,4,4
ETHUSDT,2026-07-02T14:15:00.000Z,LONG,23.18000000,TP,1.9909,0.2653,73,73
ETHUSDT,2026-07-07T19:00:00.000Z,LONG,16.72000000,SL,0.9294,1.6812,4,26
ETHUSDT,2026-07-07T20:00:00.000Z,LONG,13.22000000,SL,0.3790,1.0772,1,6
ETHUSDT,2026-07-12T02:00:00.000Z,LONG,10.21000000,SL,1.2321,1.0020,6,16
ETHUSDT,2026-07-13T18:30:00.000Z,SHORT,9.41000000,SL,0.2742,1.2572,1,5
ETHUSDT,2026-07-15T06:30:00.000Z,LONG,9.77000000,SL,0.1842,1.0798,1,2
ETHUSDT,2026-07-15T13:45:00.000Z,LONG,11.54000000,TP,3.4081,0.0000,1,1
ETHUSDT,2026-07-17T01:15:00.000Z,LONG,14.62000000,SL,0.2291,1.2394,1,3
ETHUSDT,2026-07-20T08:30:00.000Z,LONG,10.82000000,TP,1.5970,0.4603,10,10
ETHUSDT,2026-07-22T00:30:00.000Z,LONG,9.88000000,SL,1.0111,1.0870,1,19
ETHUSDT,2026-07-27T23:15:00.000Z,SHORT,19.37000000,TP,1.7543,0.0000,3,3
ETHUSDT,2026-07-29T18:15:00.000Z,LONG,10.27000000,SL,1.7468,1.0769,1,1
ETHUSDT,2026-07-30T22:45:00.000Z,LONG,12.40000000,SL,0.7298,1.0032,3,6
ETHUSDT,2026-08-01T19:00:00.000Z,SHORT,10.22000000,TP,1.5411,0.0000,1,1
ETHUSDT,2026-08-05T21:00:00.000Z,LONG,19.70000000,TP,1.6259,0.9904,158,158
ETHUSDT,2026-08-20T04:00:00.000Z,LONG,14.73000000,TP,1.6660,0.2974,11,11
ETHUSDT,2026-08-20T07:00:00.000Z,LONG,14.06000000,TP,2.3115,0.8172,4,4
ETHUSDT,2026-08-21T09:00:00.000Z,LONG,12.88000000,TP,1.5567,0.6677,2,2
ETHUSDT,2026-08-21T18:45:00.000Z,LONG,13.35000000,TP,1.7521,0.0000,1,1
ETHUSDT,2026-08-21T20:45:00.000Z,LONG,22.68000000,TP,2.6618,0.0000,2,2
ETHUSDT,2026-08-21T22:30:00.000Z,LONG,41.46000000,SL,0.5627,3.3741,3,26
ETHUSDT,2026-08-22T22:30:00.000Z,LONG,13.84000000,SL,1.3873,1.0939,9,22
ETHUSDT,2026-08-23T06:45:00.000Z,LONG,12.28000000,TP,2.6531,0.0000,5,5
SOLUSDT,2026-06-02T23:15:00.000Z,SHORT,0.68000000,TP,2.7500,0.0000,1,1
SOLUSDT,2026-06-03T04:00:00.000Z,SHORT,0.73000000,SL,0.6438,1.5342,1,4
SOLUSDT,2026-06-03T19:45:00.000Z,SHORT,0.44000000,TP,2.6136,0.0000,1,1
SOLUSDT,2026-06-04T02:15:00.000Z,SHORT,0.82000000,SL,0.0488,1.2683,1,1
SOLUSDT,2026-06-04T09:45:00.000Z,SHORT,0.99000000,SL,0.9293,1.1313,5,10
SOLUSDT,2026-06-04T22:45:00.000Z,SHORT,0.41000000,TP,1.6098,0.5610,2,2
SOLUSDT,2026-06-05T05:00:00.000Z,SHORT,0.45000000,TP,1.5111,0.0000,1,1
SOLUSDT,2026-06-05T14:15:00.000Z,SHORT,1.09000000,TP,1.6239,0.1193,5,5
SOLUSDT,2026-06-05T20:00:00.000Z,SHORT,0.48000000,TP,2.2083,0.0000,1,1
SOLUSDT,2026-06-05T23:45:00.000Z,SHORT,0.75000000,SL,0.5733,1.0667,1,4
SOLUSDT,2026-06-06T06:45:00.000Z,SHORT,0.43000000,SL,1.3488,1.2558,1,2
SOLUSDT,2026-06-06T11:00:00.000Z,SHORT,0.76000000,TP,1.5526,0.8158,17,17
SOLUSDT,2026-06-06T15:30:00.000Z,SHORT,0.59000000,TP,1.5763,0.2034,4,4
SOLUSDT,2026-06-06T16:45:00.000Z,SHORT,0.55000000,SL,0.9455,1.4182,13,31
SOLUSDT,2026-06-06T22:15:00.000Z,SHORT,0.33000000,TP,1.7879,0.0000,1,1
SOLUSDT,2026-06-07T11:45:00.000Z,SHORT,0.60000000,TP,2.6833,0.0000,1,1
SOLUSDT,2026-06-07T20:00:00.000Z,SHORT,0.46000000,TP,1.7391,0.0000,1,1
SOLUSDT,2026-06-08T01:45:00.000Z,SHORT,0.43000000,TP,1.8140,0.4884,9,9
SOLUSDT,2026-06-08T17:15:00.000Z,SHORT,0.50000000,SL,0.7000,1.0800,1,3
SOLUSDT,2026-06-08T23:00:00.000Z,SHORT,0.47000000,TP,1.7021,0.0000,1,1
SOLUSDT,2026-06-09T10:00:00.000Z,SHORT,0.43000000,TP,1.6977,0.3023,13,13
SOLUSDT,2026-06-09T14:45:00.000Z,SHORT,0.64000000,TP,1.7187,0.0000,4,4
SOLUSDT,2026-06-10T09:00:00.000Z,SHORT,0.50000000,TP,1.6800,0.0200,8,8
SOLUSDT,2026-06-12T15:30:00.000Z,LONG,0.89000000,SL,0.0000,1.0337,0,2
SOLUSDT,2026-06-12T16:30:00.000Z,SHORT,0.64000000,TP,1.8750,0.0625,6,6
SOLUSDT,2026-06-13T11:45:00.000Z,LONG,0.34000000,TP,1.7353,0.0000,7,7
SOLUSDT,2026-06-15T12:15:00.000Z,LONG,0.54000000,TP,1.5370,0.0000,1,1
SOLUSDT,2026-06-15T17:00:00.000Z,LONG,0.95000000,SL,1.0632,1.1263,9,21
SOLUSDT,2026-06-17T02:30:00.000Z,LONG,0.42000000,SL,0.9524,1.3095,9,16
SOLUSDT,2026-06-17T13:15:00.000Z,LONG,0.61000000,TP,1.5246,0.6066,8,8
SOLUSDT,2026-06-17T18:00:00.000Z,LONG,0.40000000,TP,3.2000,0.3500,2,2
SOLUSDT,2026-06-17T22:45:00.000Z,LONG,0.83000000,SL,1.2651,1.2048,14,25
SOLUSDT,2026-06-20T01:15:00.000Z,SHORT,0.40000000,SL,0.6250,1.7500,4,12
SOLUSDT,2026-06-20T05:00:00.000Z,LONG,0.44000000,TP,4.4318,0.0000,1,1
SOLUSDT,2026-06-20T08:00:00.000Z,LONG,0.36000000,TP,1.5833,0.0000,1,1
SOLUSDT,2026-06-20T16:15:00.000Z,LONG,0.47000000,TP,1.5106,0.2128,8,8
SOLUSDT,2026-06-22T02:00:00.000Z,LONG,0.43000000,TP,1.5581,0.0000,1,1
SOLUSDT,2026-06-22T05:30:00.000Z,LONG,0.46000000,TP,2.1304,0.7826,32,32
SOLUSDT,2026-06-24T13:30:00.000Z,SHORT,0.36000000,TP,2.1389,0.0000,1,1
SOLUSDT,2026-06-24T16:15:00.000Z,SHORT,0.40000000,TP,2.4750,0.0000,1,1
SOLUSDT,2026-06-24T20:00:00.000Z,SHORT,0.60000000,SL,0.3000,1.1667,1,3
SOLUSDT,2026-06-25T11:15:00.000Z,SHORT,0.35000000,TP,1.5429,0.0000,2,2
SOLUSDT,2026-06-26T10:15:00.000Z,SHORT,0.35000000,TP,2.4571,0.0000,1,1
SOLUSDT,2026-06-28T20:30:00.000Z,LONG,0.57000000,SL,1.2982,1.9649,6,9
SOLUSDT,2026-06-29T07:00:00.000Z,LONG,0.55000000,TP,1.9818,0.0000,3,3
SOLUSDT,2026-06-29T16:00:00.000Z,LONG,0.96000000,TP,1.8646,0.9062,4,4
SOLUSDT,2026-07-01T02:00:00.000Z,LONG,0.77000000,TP,2.0000,0.0000,2,2
SOLUSDT,2026-07-01T03:00:00.000Z,LONG,0.54000000,TP,2.0185,0.5000,3,3
SOLUSDT,2026-07-01T04:15:00.000Z,LONG,0.82000000,SL,0.7805,1.5854,2,9
SOLUSDT,2026-07-02T02:00:00.000Z,LONG,0.45000000,TP,1.9111,0.0000,2,2
SOLUSDT,2026-07-02T12:30:00.000Z,LONG,1.16000000,SL,0.5517,1.1207,5,9
SOLUSDT,2026-07-02T17:30:00.000Z,LONG,0.55000000,TP,1.5636,0.6364,32,32
SOLUSDT,2026-07-06T01:15:00.000Z,LONG,0.81000000,SL,0.2593,1.3457,1,6
SOLUSDT,2026-07-07T18:45:00.000Z,LONG,0.87000000,SL,0.2529,1.2069,4,13
SOLUSDT,2026-07-07T20:00:00.000Z,LONG,0.45000000,SL,0.6222,1.2000,1,5
SOLUSDT,2026-07-11T23:45:00.000Z,SHORT,0.50000000,TP,2.0800,0.0000,1,1
SOLUSDT,2026-07-15T13:45:00.000Z,LONG,0.48000000,SL,1.0625,1.0625,1,10
SOLUSDT,2026-07-20T14:45:00.000Z,SHORT,0.47000000,SL,1.2128,1.0000,1,2
SOLUSDT,2026-07-20T16:15:00.000Z,LONG,0.56000000,TP,1.8036,0.0536,7,7
SOLUSDT,2026-07-20T18:30:00.000Z,LONG,0.51000000,SL,0.0000,1.0392,0,2
SOLUSDT,2026-07-27T02:45:00.000Z,LONG,0.40000000,TP,1.5750,0.2750,13,13
SOLUSDT,2026-07-27T16:15:00.000Z,SHORT,1.22000000,TP,1.6885,0.3852,27,27
SOLUSDT,2026-07-27T23:15:00.000Z,SHORT,0.72000000,TP,2.5278,0.0000,7,7
SOLUSDT,2026-07-29T20:15:00.000Z,SHORT,0.41000000,TP,1.5854,0.0000,2,2
SOLUSDT,2026-08-08T15:30:00.000Z,LONG,0.39000000,SL,0.8718,1.0513,2,30
SOLUSDT,2026-08-21T06:15:00.000Z,LONG,0.57000000,TP,2.1053,0.4737,4,4
SOLUSDT,2026-08-21T09:00:00.000Z,LONG,0.86000000,SL,0.7209,1.2791,3,8
SOLUSDT,2026-08-21T20:45:00.000Z,LONG,0.91000000,TP,1.8242,0.0000,2,2
SOLUSDT,2026-08-21T22:15:00.000Z,LONG,0.50000000,TP,2.8400,0.0000,1,1
SOLUSDT,2026-08-22T11:00:00.000Z,LONG,1.18000000,TP,1.6017,0.0000,5,5
SOLUSDT,2026-08-22T12:00:00.000Z,LONG,0.52000000,TP,2.4231,0.0000,1,1
SOLUSDT,2026-08-22T17:00:00.000Z,LONG,0.66000000,SL,1.1061,1.5909,10,18
HYPEUSDT,2026-06-03T03:30:00.000Z,LONG,0.59500000,TP,2.1916,0.2756,1,1
HYPEUSDT,2026-06-03T04:30:00.000Z,LONG,1.46800000,TP,1.7582,0.0000,2,2
HYPEUSDT,2026-06-03T18:15:00.000Z,LONG,0.49400000,TP,3.0769,0.0000,1,1
HYPEUSDT,2026-06-04T00:30:00.000Z,LONG,1.37600000,SL,0.4658,1.1802,2,5
HYPEUSDT,2026-06-04T04:30:00.000Z,LONG,0.81200000,SL,0.0000,1.4631,0,1
HYPEUSDT,2026-06-05T01:30:00.000Z,SHORT,0.56000000,TP,2.7857,0.0000,1,1
HYPEUSDT,2026-06-05T03:30:00.000Z,SHORT,0.85000000,TP,3.2953,0.0000,1,1
HYPEUSDT,2026-06-06T02:30:00.000Z,SHORT,0.69400000,TP,2.0389,0.0000,3,3
HYPEUSDT,2026-06-06T12:45:00.000Z,SHORT,0.55600000,TP,1.5647,0.0000,3,3
HYPEUSDT,2026-06-06T13:45:00.000Z,SHORT,0.35200000,TP,1.9858,0.0313,2,2
HYPEUSDT,2026-06-06T15:30:00.000Z,SHORT,0.45300000,TP,1.7042,0.8808,6,6
HYPEUSDT,2026-06-07T10:15:00.000Z,SHORT,0.40300000,TP,1.6749,0.0000,3,3
HYPEUSDT,2026-06-07T20:00:00.000Z,SHORT,0.38200000,TP,1.9791,0.0000,1,1
HYPEUSDT,2026-06-08T04:45:00.000Z,SHORT,0.61800000,SL,0.2961,1.0097,1,2
HYPEUSDT,2026-06-08T13:00:00.000Z,LONG,0.64800000,TP,4.2438,0.0000,1,1
HYPEUSDT,2026-06-08T16:45:00.000Z,LONG,0.60700000,TP,1.5717,0.0000,1,1
HYPEUSDT,2026-06-08T22:00:00.000Z,LONG,0.40000000,SL,0.0000,2.1425,0,1
HYPEUSDT,2026-06-09T01:15:00.000Z,SHORT,1.17000000,TP,1.5932,0.1359,12,12
HYPEUSDT,2026-06-09T07:00:00.000Z,SHORT,0.47200000,SL,1.1271,1.4852,4,6
HYPEUSDT,2026-06-09T13:45:00.000Z,SHORT,0.49600000,TP,4.2379,0.0000,1,1
HYPEUSDT,2026-06-09T22:00:00.000Z,SHORT,1.03000000,TP,2.3408,0.0000,10,10
HYPEUSDT,2026-06-10T03:00:00.000Z,SHORT,0.41300000,SL,0.0000,2.0121,0,1
HYPEUSDT,2026-06-10T07:30:00.000Z,SHORT,0.60600000,SL,1.3399,1.0165,2,13
HYPEUSDT,2026-06-10T17:00:00.000Z,SHORT,0.63900000,TP,1.7574,0.0000,1,1
HYPEUSDT,2026-06-10T19:00:00.000Z,SHORT,0.51800000,TP,2.6120,0.0000,1,1
HYPEUSDT,2026-06-11T02:45:00.000Z,SHORT,0.45300000,SL,0.2583,1.1722,2,3
HYPEUSDT,2026-06-11T10:45:00.000Z,SHORT,0.29900000,SL,0.2274,3.5652,1,1
HYPEUSDT,2026-06-11T12:45:00.000Z,SHORT,0.45800000,SL,1.0371,2.2118,3,4
HYPEUSDT,2026-06-11T21:00:00.000Z,SHORT,0.47700000,TP,1.7589,0.2117,8,8
HYPEUSDT,2026-06-11T23:00:00.000Z,SHORT,0.39500000,SL,0.3494,1.9165,1,2
HYPEUSDT,2026-06-12T01:45:00.000Z,SHORT,0.31100000,TP,2.1929,0.0000,1,1
HYPEUSDT,2026-06-12T05:15:00.000Z,SHORT,0.31600000,TP,2.4367,0.0000,2,2
HYPEUSDT,2026-06-12T07:00:00.000Z,SHORT,0.37600000,TP,1.9681,0.0000,3,3
HYPEUSDT,2026-06-12T14:00:00.000Z,SHORT,0.50900000,TP,1.8212,0.0000,1,1
HYPEUSDT,2026-06-12T16:15:00.000Z,SHORT,0.72500000,SL,0.0000,1.8869,0,1
HYPEUSDT,2026-06-12T17:45:00.000Z,LONG,0.94000000,SL,0.2979,1.1085,1,5
HYPEUSDT,2026-06-13T03:45:00.000Z,SHORT,0.29700000,TP,2.6229,0.0000,1,1
HYPEUSDT,2026-06-13T05:30:00.000Z,SHORT,0.68500000,SL,0.3533,1.5314,1,5
HYPEUSDT,2026-06-13T22:00:00.000Z,LONG,0.36500000,TP,2.0137,0.1479,6,6
HYPEUSDT,2026-06-14T14:00:00.000Z,LONG,0.35200000,SL,0.2017,1.8267,1,2
HYPEUSDT,2026-06-15T03:15:00.000Z,LONG,0.42900000,TP,1.7203,0.0000,1,1
HYPEUSDT,2026-06-15T14:00:00.000Z,LONG,0.72300000,TP,2.1051,0.0000,3,3
HYPEUSDT,2026-06-15T15:15:00.000Z,LONG,0.49800000,TP,2.0602,0.0000,2,2
HYPEUSDT,2026-06-15T22:15:00.000Z,LONG,0.39600000,SL,0.0000,2.9066,0,1
HYPEUSDT,2026-06-16T09:00:00.000Z,LONG,0.46000000,TP,1.8587,0.0000,1,1
HYPEUSDT,2026-06-16T13:00:00.000Z,LONG,0.92400000,SL,0.5714,1.3701,4,4
HYPEUSDT,2026-06-16T21:00:00.000Z,LONG,0.80300000,TP,1.7347,0.6189,18,18
HYPEUSDT,2026-06-17T16:45:00.000Z,LONG,1.18500000,SL,0.7114,1.6270,1,5
HYPEUSDT,2026-06-18T00:45:00.000Z,LONG,0.81500000,TP,2.2761,0.0000,1,1
HYPEUSDT,2026-06-18T01:30:00.000Z,LONG,0.44600000,SL,0.7309,1.1928,1,4
HYPEUSDT,2026-06-18T21:15:00.000Z,LONG,0.77000000,TP,1.5532,0.0506,10,10
HYPEUSDT,2026-06-19T03:15:00.000Z,LONG,0.37000000,SL,0.3622,1.6865,1,1
HYPEUSDT,2026-06-19T08:00:00.000Z,SHORT,0.38300000,SL,0.0548,1.1253,1,1
HYPEUSDT,2026-06-19T11:45:00.000Z,LONG,0.46000000,SL,0.7130,1.0913,1,2
HYPEUSDT,2026-06-19T14:00:00.000Z,LONG,0.63500000,TP,1.7906,0.3575,2,2
HYPEUSDT,2026-06-19T23:00:00.000Z,LONG,0.63700000,TP,1.5086,0.0565,3,3
HYPEUSDT,2026-06-20T15:15:00.000Z,LONG,0.61500000,TP,1.9870,0.0000,1,1
HYPEUSDT,2026-06-22T03:30:00.000Z,SHORT,1.28000000,TP,1.6633,0.0000,1,1
HYPEUSDT,2026-06-22T05:00:00.000Z,SHORT,0.56900000,SL,1.0967,1.1617,1,9
HYPEUSDT,2026-06-22T14:00:00.000Z,LONG,0.68500000,SL,0.4307,1.3007,1,3
HYPEUSDT,2026-06-22T16:15:00.000Z,SHORT,0.58300000,SL,1.4494,1.8576,1,7
HYPEUSDT,2026-06-22T18:30:00.000Z,LONG,0.53300000,SL,1.4484,1.5572,1,3
HYPEUSDT,2026-06-22T22:00:00.000Z,SHORT,0.47600000,TP,1.8845,0.0000,1,1
HYPEUSDT,2026-06-23T06:45:00.000Z,SHORT,0.44500000,TP,1.6787,0.0000,1,1
HYPEUSDT,2026-06-24T03:30:00.000Z,SHORT,0.79100000,SL,1.3919,1.0126,3,7
HYPEUSDT,2026-06-24T13:30:00.000Z,SHORT,0.33900000,TP,4.4838,0.0000,1,1
HYPEUSDT,2026-06-24T16:00:00.000Z,SHORT,0.35600000,TP,3.2360,0.5337,2,2
HYPEUSDT,2026-06-24T17:00:00.000Z,SHORT,0.69600000,SL,1.2184,1.4095,3,5
HYPEUSDT,2026-06-25T02:15:00.000Z,SHORT,0.42500000,TP,1.6400,0.0000,3,3
HYPEUSDT,2026-06-25T17:00:00.000Z,SHORT,0.73700000,SL,0.2619,1.3189,1,1
HYPEUSDT,2026-06-25T19:30:00.000Z,SHORT,0.65200000,SL,0.5736,1.8160,1,2
HYPEUSDT,2026-06-25T21:15:00.000Z,SHORT,0.45100000,SL,0.0000,2.4523,0,1
HYPEUSDT,2026-06-25T23:00:00.000Z,SHORT,0.41400000,SL,0.9710,2.4517,1,1
HYPEUSDT,2026-06-26T00:45:00.000Z,SHORT,0.40800000,TP,2.5882,0.0000,1,1
HYPEUSDT,2026-06-26T03:15:00.000Z,SHORT,0.46200000,TP,2.0065,0.5952,1,1
HYPEUSDT,2026-06-26T12:15:00.000Z,SHORT,0.89100000,TP,1.6577,0.0662,1,1
HYPEUSDT,2026-06-26T13:30:00.000Z,SHORT,0.45100000,SL,0.0000,3.9002,0,1
HYPEUSDT,2026-06-26T21:30:00.000Z,SHORT,0.47000000,TP,1.5426,0.4149,2,2
HYPEUSDT,2026-06-27T00:45:00.000Z,SHORT,0.32600000,TP,2.1534,0.0000,1,1
HYPEUSDT,2026-06-28T19:30:00.000Z,SHORT,0.43800000,TP,1.8630,0.0000,1,1
HYPEUSDT,2026-06-29T13:00:00.000Z,SHORT,0.46700000,SL,0.4197,1.3426,1,1
HYPEUSDT,2026-06-29T19:00:00.000Z,LONG,0.55900000,TP,2.7925,0.0000,1,1
HYPEUSDT,2026-06-29T20:15:00.000Z,LONG,0.42700000,TP,2.3091,0.0000,1,1
HYPEUSDT,2026-06-29T22:00:00.000Z,LONG,0.49000000,SL,0.8592,1.8041,3,9
HYPEUSDT,2026-06-30T20:15:00.000Z,LONG,0.34600000,SL,0.0000,1.4451,0,1
HYPEUSDT,2026-07-01T20:00:00.000Z,SHORT,0.60900000,TP,1.7537,0.0000,1,1
HYPEUSDT,2026-07-02T07:45:00.000Z,SHORT,0.39700000,SL,1.0504,1.1637,3,6
HYPEUSDT,2026-07-02T19:15:00.000Z,LONG,0.42300000,SL,1.3972,1.0095,1,9
HYPEUSDT,2026-07-03T02:30:00.000Z,LONG,0.33800000,TP,1.6391,0.0000,1,1
HYPEUSDT,2026-07-03T05:45:00.000Z,LONG,0.49100000,TP,1.6538,0.1711,11,11
HYPEUSDT,2026-07-03T18:15:00.000Z,LONG,0.35400000,TP,1.8418,0.3842,8,8
HYPEUSDT,2026-07-03T23:45:00.000Z,LONG,0.42300000,TP,1.5012,0.5508,3,3
HYPEUSDT,2026-07-04T04:45:00.000Z,LONG,0.40700000,SL,0.0000,1.4595,0,2
HYPEUSDT,2026-07-06T01:15:00.000Z,LONG,0.64400000,SL,0.6134,1.0947,7,10
HYPEUSDT,2026-07-07T12:30:00.000Z,LONG,0.55200000,SL,0.7011,1.5489,1,4
HYPEUSDT,2026-07-07T15:45:00.000Z,LONG,0.84000000,SL,0.7845,1.8250,2,12
HYPEUSDT,2026-07-08T19:00:00.000Z,SHORT,0.52200000,TP,1.7548,0.7126,9,9
HYPEUSDT,2026-07-09T16:00:00.000Z,SHORT,0.78800000,TP,1.7132,0.0508,12,12
HYPEUSDT,2026-07-09T19:30:00.000Z,SHORT,0.37500000,SL,1.0427,1.0933,18,23
HYPEUSDT,2026-07-14T02:00:00.000Z,SHORT,0.34100000,TP,1.9267,0.1642,4,4
HYPEUSDT,2026-07-16T08:30:00.000Z,SHORT,0.38400000,TP,2.5547,0.2266,16,16
HYPEUSDT,2026-07-16T15:30:00.000Z,SHORT,0.43700000,TP,2.9840,0.0000,2,2
HYPEUSDT,2026-07-16T16:30:00.000Z,SHORT,0.37300000,TP,3.7212,0.0000,1,1
HYPEUSDT,2026-07-16T17:45:00.000Z,SHORT,1.34600000,TP,1.5446,0.3224,22,22
HYPEUSDT,2026-07-17T00:00:00.000Z,SHORT,0.81700000,TP,1.8225,0.7797,7,7
HYPEUSDT,2026-07-17T02:15:00.000Z,SHORT,0.36400000,TP,2.4973,0.0000,1,1
HYPEUSDT,2026-07-17T19:30:00.000Z,SHORT,0.37800000,TP,1.6481,0.7063,5,5
HYPEUSDT,2026-07-18T12:45:00.000Z,SHORT,0.36100000,TP,1.7895,0.1690,2,2
HYPEUSDT,2026-07-18T15:30:00.000Z,SHORT,0.32300000,SL,0.8297,1.4427,2,7
HYPEUSDT,2026-07-21T18:00:00.000Z,SHORT,1.01000000,TP,1.5604,0.5129,45,45
HYPEUSDT,2026-07-22T03:45:00.000Z,SHORT,0.50000000,TP,1.8940,0.4580,5,5
HYPEUSDT,2026-07-22T16:30:00.000Z,SHORT,0.51700000,SL,1.1489,2.4545,1,4
HYPEUSDT,2026-07-23T06:15:00.000Z,SHORT,0.30700000,TP,1.5765,0.3485,3,3
HYPEUSDT,2026-07-24T22:30:00.000Z,SHORT,0.36300000,SL,0.4931,1.4325,11,13
HYPEUSDT,2026-07-27T14:45:00.000Z,SHORT,0.45000000,TP,2.4222,0.0000,1,1
HYPEUSDT,2026-07-27T19:00:00.000Z,SHORT,0.45900000,TP,1.6536,0.5359,13,13
HYPEUSDT,2026-07-28T06:30:00.000Z,SHORT,0.81400000,TP,1.5676,0.2482,26,26
HYPEUSDT,2026-07-29T08:45:00.000Z,SHORT,0.50300000,SL,0.8270,1.0656,11,20
HYPEUSDT,2026-07-29T15:45:00.000Z,SHORT,0.29900000,TP,1.9164,0.0000,3,3
HYPEUSDT,2026-07-29T23:15:00.000Z,SHORT,0.91400000,TP,1.9289,0.0000,49,49
HYPEUSDT,2026-07-30T12:15:00.000Z,SHORT,0.27900000,TP,2.8172,0.0000,1,1
HYPEUSDT,2026-07-30T21:00:00.000Z,SHORT,0.31100000,SL,0.0514,1.8103,1,2
HYPEUSDT,2026-07-31T05:00:00.000Z,SHORT,0.31000000,TP,1.5419,0.4161,3,3
HYPEUSDT,2026-08-04T08:00:00.000Z,LONG,0.39900000,TP,1.9524,0.5539,12,12
HYPEUSDT,2026-08-05T08:30:00.000Z,LONG,0.49600000,SL,1.2440,1.1048,1,20
HYPEUSDT,2026-08-05T16:45:00.000Z,LONG,0.40200000,SL,1.4204,1.1816,3,13
HYPEUSDT,2026-08-06T13:00:00.000Z,SHORT,0.28400000,TP,1.7324,0.0000,1,1
HYPEUSDT,2026-08-07T06:30:00.000Z,LONG,0.36700000,TP,2.7738,0.0000,8,8
HYPEUSDT,2026-08-07T18:00:00.000Z,SHORT,0.68100000,SL,1.1189,1.0646,2,106
HYPEUSDT,2026-08-13T15:15:00.000Z,LONG,0.48100000,SL,0.6133,1.3347,1,5
HYPEUSDT,2026-08-15T17:15:00.000Z,LONG,0.33300000,TP,1.5736,0.7147,58,58
HYPEUSDT,2026-08-17T02:00:00.000Z,LONG,0.48800000,TP,1.7295,0.0000,3,3
HYPEUSDT,2026-08-17T11:15:00.000Z,LONG,0.37700000,SL,0.3395,1.3687,1,5
HYPEUSDT,2026-08-17T15:15:00.000Z,LONG,0.32600000,SL,0.3221,1.1902,2,8
HYPEUSDT,2026-08-18T07:30:00.000Z,LONG,0.42200000,SL,0.1445,1.3791,1,2
HYPEUSDT,2026-08-20T05:15:00.000Z,LONG,0.68800000,TP,1.5756,0.0000,1,1
HYPEUSDT,2026-08-20T07:15:00.000Z,LONG,0.45300000,TP,2.8102,0.2494,3,3
HYPEUSDT,2026-08-20T09:45:00.000Z,LONG,1.19100000,TP,1.6339,0.8900,26,26
HYPEUSDT,2026-08-20T16:45:00.000Z,LONG,0.60700000,TP,1.5470,0.0000,1,1
HYPEUSDT,2026-08-21T02:00:00.000Z,LONG,0.42400000,TP,1.5377,0.0000,1,1
HYPEUSDT,2026-08-21T09:00:00.000Z,LONG,0.49300000,SL,0.1744,1.0264,1,1
HYPEUSDT,2026-08-21T13:30:00.000Z,LONG,0.53800000,TP,5.5799,0.0000,1,1
HYPEUSDT,2026-08-21T21:45:00.000Z,LONG,0.48200000,TP,2.1639,0.0000,1,1
HYPEUSDT,2026-08-22T05:00:00.000Z,LONG,2.44100000,SL,0.2335,1.2450,1,1
HYPEUSDT,2026-08-22T12:45:00.000Z,LONG,0.52100000,TP,1.7927,0.0000,1,1
HYPEUSDT,2026-08-22T18:00:00.000Z,LONG,0.56200000,TP,1.9626,0.0000,1,1
HYPEUSDT,2026-08-22T22:30:00.000Z,LONG,0.47600000,TP,2.0378,0.0441,1,1
HYPEUSDT,2026-08-23T12:00:00.000Z,LONG,0.71800000,TP,1.5850,0.4708,4,4
XRPUSDT,2026-06-03T04:00:00.000Z,SHORT,0.01190000,SL,0.1092,2.0504,2,4
XRPUSDT,2026-06-03T21:00:00.000Z,SHORT,0.00710000,SL,0.0000,1.3662,0,1
XRPUSDT,2026-06-04T02:15:00.000Z,SHORT,0.01080000,SL,0.9907,1.4537,1,3
XRPUSDT,2026-06-04T05:30:00.000Z,SHORT,0.00670000,TP,2.0448,0.0000,1,1
XRPUSDT,2026-06-04T09:45:00.000Z,SHORT,0.01430000,SL,0.8881,1.1119,6,10
XRPUSDT,2026-06-05T07:30:00.000Z,SHORT,0.01390000,SL,0.8921,1.2446,5,10
XRPUSDT,2026-06-05T08:30:00.000Z,SHORT,0.00650000,TP,2.4462,0.0000,1,1
XRPUSDT,2026-06-05T09:00:00.000Z,SHORT,0.00690000,SL,0.0000,2.4058,0,1
XRPUSDT,2026-06-05T14:15:00.000Z,SHORT,0.02000000,TP,1.6950,0.0250,7,7
XRPUSDT,2026-06-05T19:15:00.000Z,SHORT,0.01310000,SL,0.8473,1.0992,1,2
XRPUSDT,2026-06-05T23:45:00.000Z,SHORT,0.01130000,TP,1.5752,0.8673,14,14
XRPUSDT,2026-06-06T07:00:00.000Z,SHORT,0.00750000,SL,0.9067,1.4133,1,5
XRPUSDT,2026-06-06T11:00:00.000Z,SHORT,0.00910000,SL,0.9670,1.1099,1,7
XRPUSDT,2026-06-06T12:45:00.000Z,SHORT,0.00730000,SL,0.0000,1.6438,0,1
XRPUSDT,2026-06-06T15:30:00.000Z,SHORT,0.00690000,TP,1.7681,0.0000,3,3
XRPUSDT,2026-06-06T16:45:00.000Z,SHORT,0.00760000,TP,1.8026,0.5263,4,4
XRPUSDT,2026-06-08T01:30:00.000Z,SHORT,0.00710000,TP,2.1690,0.4085,10,10
XRPUSDT,2026-06-09T04:30:00.000Z,SHORT,0.00590000,TP,1.5932,0.0000,1,1
XRPUSDT,2026-06-09T15:00:00.000Z,SHORT,0.01280000,TP,1.6016,0.1328,6,6
XRPUSDT,2026-06-09T18:15:00.000Z,SHORT,0.00630000,TP,2.1746,0.7619,25,25
XRPUSDT,2026-06-10T15:00:00.000Z,SHORT,0.00860000,TP,2.4302,0.5581,7,7
XRPUSDT,2026-06-10T17:00:00.000Z,SHORT,0.00890000,TP,1.5393,0.0000,2,2
XRPUSDT,2026-06-11T20:45:00.000Z,SHORT,0.00610000,SL,0.4918,1.0000,1,5
XRPUSDT,2026-06-12T17:00:00.000Z,SHORT,0.00920000,SL,1.2283,1.1522,4,73
XRPUSDT,2026-06-14T22:00:00.000Z,LONG,0.02390000,TP,1.9791,0.0000,52,52
XRPUSDT,2026-06-15T17:00:00.000Z,LONG,0.01330000,TP,1.5489,0.1504,9,9
XRPUSDT,2026-06-17T02:30:00.000Z,LONG,0.00780000,SL,0.8718,1.0769,10,20
XRPUSDT,2026-06-17T17:00:00.000Z,LONG,0.00800000,SL,1.1625,2.1000,3,4
XRPUSDT,2026-06-17T19:00:00.000Z,LONG,0.00770000,SL,0.2208,3.3506,1,1
XRPUSDT,2026-06-18T16:00:00.000Z,SHORT,0.01110000,TP,1.7207,0.7928,50,50
XRPUSDT,2026-06-26T01:45:00.000Z,SHORT,0.00540000,TP,3.9630,0.0000,1,1
XRPUSDT,2026-06-28T17:00:00.000Z,SHORT,0.00530000,TP,1.5849,0.3208,11,11
XRPUSDT,2026-06-29T13:00:00.000Z,SHORT,0.00550000,TP,2.5273,0.3818,2,2
XRPUSDT,2026-06-30T13:30:00.000Z,SHORT,0.00530000,SL,1.4717,1.2075,1,2
XRPUSDT,2026-06-30T15:45:00.000Z,SHORT,0.00740000,SL,0.7703,1.3649,2,10
XRPUSDT,2026-07-01T15:00:00.000Z,SHORT,0.00620000,SL,0.0000,1.7903,0,1
XRPUSDT,2026-07-05T22:45:00.000Z,LONG,0.00600000,TP,2.6000,0.0000,1,1
XRPUSDT,2026-07-07T15:15:00.000Z,LONG,0.00900000,TP,1.7444,0.0000,1,1
XRPUSDT,2026-07-08T09:30:00.000Z,SHORT,0.00710000,SL,0.4366,1.3239,2,8
XRPUSDT,2026-07-08T15:30:00.000Z,SHORT,0.00570000,SL,0.4035,1.0702,1,3
XRPUSDT,2026-07-15T13:45:00.000Z,LONG,0.00590000,TP,2.9153,0.0000,1,1
XRPUSDT,2026-07-16T15:45:00.000Z,LONG,0.00610000,SL,0.4754,1.6557,1,5
XRPUSDT,2026-07-20T16:15:00.000Z,LONG,0.00740000,TP,1.5676,0.2432,42,42
XRPUSDT,2026-07-27T15:00:00.000Z,SHORT,0.01140000,TP,1.5877,0.0000,29,29
XRPUSDT,2026-07-27T23:15:00.000Z,SHORT,0.00960000,TP,1.7187,0.0000,7,7
XRPUSDT,2026-07-29T21:15:00.000Z,SHORT,0.00570000,SL,0.2281,1.0175,1,3
XRPUSDT,2026-08-06T16:30:00.000Z,SHORT,0.00560000,TP,1.5893,0.0357,4,4
XRPUSDT,2026-08-20T12:00:00.000Z,LONG,0.01180000,TP,1.8475,0.0000,1,1
XRPUSDT,2026-08-20T18:30:00.000Z,LONG,0.01130000,SL,0.9558,1.9558,1,1
XRPUSDT,2026-08-21T02:00:00.000Z,LONG,0.01260000,TP,1.6587,0.0000,1,1
XRPUSDT,2026-08-21T04:15:00.000Z,LONG,0.01750000,TP,2.7200,0.2914,15,15
XRPUSDT,2026-08-21T07:30:00.000Z,LONG,0.00800000,TP,1.9750,0.0000,1,1
XRPUSDT,2026-08-21T13:15:00.000Z,LONG,0.00990000,TP,4.6869,0.0000,1,1
XRPUSDT,2026-08-21T22:00:00.000Z,LONG,0.01430000,TP,3.1329,0.0000,1,1
XRPUSDT,2026-08-22T12:30:00.000Z,LONG,0.01230000,TP,2.2033,0.0000,1,1
XRPUSDT,2026-08-22T20:00:00.000Z,LONG,0.01270000,SL,1.2047,1.4567,1,4
XRPUSDT,2026-08-23T02:15:00.000Z,LONG,0.00850000,TP,2.9529,0.0000,1,1
